{
  "version": "1.0",
  "defaultProvider": "cdnjs",
  "libraries": [
    {
      "library": "font-awesome@5.8.1",
      "destination": "wwwroot/lib/font-awesome/",
      "files": [
        "css/all.min.css",
        "webfonts/fa-brands-400.eot",
        "webfonts/fa-brands-400.svg",
        "webfonts/fa-brands-400.ttf",
        "webfonts/fa-brands-400.woff",
        "webfonts/fa-brands-400.woff2",
        "webfonts/fa-regular-400.eot",
        "webfonts/fa-regular-400.svg",
        "webfonts/fa-regular-400.ttf",
        "webfonts/fa-regular-400.woff",
        "webfonts/fa-regular-400.woff2",
        "webfonts/fa-solid-900.eot",
        "webfonts/fa-solid-900.svg",
        "webfonts/fa-solid-900.ttf",
        "webfonts/fa-solid-900.woff",
        "webfonts/fa-solid-900.woff2"
      ]
    },
    {
      "library": "globalize@1.4.2",
      "destination": "wwwroot/lib/globalize/",
      "files": [
        "globalize.min.js",
        "globalize/currency.js",
        "globalize/date.js",
        "globalize/number.js",
        "globalize-runtime/currency.js",
        "globalize-runtime/date.js",
        "globalize-runtime/number.js",
        "globalize.js"
      ]
    }
  ]
}