[
  {
    "outputFileName": "wwwroot/css/site_bundle.min.css",
    "inputFiles": [
      "wwwroot/lib/bootstrap/css/bootstrap.css",
      "wwwroot/css/site.css"
    ]
  },
  {
    "outputFileName": "wwwroot/js/site_bundle.min.js",
    "inputFiles": [
      "wwwroot/lib/jquery/jquery.js",
      "wwwroot/js/site.js"
    ]
  },
  {
    "outputFileName": "wwwroot/lib/bootstrap/js/bootstrap.min.js",
    "inputFiles": [
      "wwwroot/lib/bootstrap/js/bootstrap.js"
    ]
  }

]
